Ticker,Cusip,MCap
A,00846U101,22486035800
AA,013872106,7533509200
AAC,000307108,187675110
AAL,02376R102,19032836970
AAN,002535300,3767324960
AAOI,03823U102,485752680
AAON,000360206,1975617000
AAP,00751Y106,12470054730
AAPL,037833100,1090307495240
AAT,024013104,1760908380
AAWW,049164205,1630406250
AAXN,05464C101,3990837600
AB,01881G106,2984983050
ABBV,00287Y109,143219940340
ABC,03073E105,19952442540
ABCB,03076K108,2171618300
ABCD,13201A107,559522880
ABEO,00289Y107,613670400
ABG,043436104,1399268750
ABM,000957100,2123727000
ABMD,003654100,20183430750
ABR,038923108,865488680
ABT,002824100,128696841840
ABTX,01748H107,557445600
AC,045528106,166498150
ACAD,004225108,2595145320
ACBI,048269203,437242000
ACC,024835100,5640113640
ACCO,00081T108,1180714400
ACER,00444P108,310034520
ACET,004446100,69578620
ACHC,00404A109,3107244800
ACHN,00448Q201,509996480
ACIA,00401C108,1677553500
ACIW,004498101,3257486400
ACLS,054540208,635795400
ACM,00766T100,5251074800
ACNB,000868109,261850800
ACOR,00484M106,933060600
ACRE,04013V108,400925030
ACRS,00461U105,449844120
ACRX,00444T100,233310000
ACTG,003881307,158384000
ACXM,005125109,3837279420
ADBE,00724F101,131771773300
ADC,008492100,1648419840
ADES,00770C101,240539520
ADI,032654105,34364608200
ADM,039483102,28137978990
ADMA,000899104,287833500
ADMS,00548A106,544343800
ADP,053015103,65904710400
ADRO,00739L101,581091000
ADS,018581108,12975575040
ADSK,052769106,34128299870
ADSW,00790X101,2398935960
ADT,00090Q103,7104117180
ADTN,00738A106,842593350
ADUS,006739106,896025950
ADVM,00773U108,379298700
AE,006351308,179096280
AEE,023608102,15428208800
AEGN,00770F104,820053180
AEIS,007973100,2020238100
AEL,025676206,3192300800
AEO,02553E106,4403997780
AEP,025537101,34939161920
AERI,00771V108,2783414100
AES,00130H105,9263562000
AET,00817Y108,66352235000
AFG,025932104,9886095360
AFI,04238R106,466473200
AFL,001055102,36140346000
AFSI,032359309,2868818040
AGCO,001084102,4809644010
AGEN,00847G705,242423480
AGFS,00856G109,314534010
AGIO,00847X104,4472420160
AGLE,00773J103,211324740
AGM,313148306,659580840
AGNC,00123Q104,8902010160
AGO,G0585R106,4577183010
AGR,05351W103,14810609650
AGX,04010E109,669467000
AGYS,00847J105,383457500
AHH,04208T108,738758120
AHL,G05384105,2495167400
AHT,044103109,630130680
AI,041356205,268366220
AIG,026874784,47300865040
AIMC,02208R106,1212691900
AIMT,00900T107,1595252560
AIN,012348108,2305500000
AINC,044104107,160085700
AINV,03761U106,1169050560
AIR,000361105,1678113490
AIT,03820C105,3032265750
AIV,03748R101,6943899630
AIZ,04621X108,6745579600
AJG,363576109,13593637280
AJRD,007800105,2569644000
AJX,38983D300,256167420
AKAM,00971T101,12399290750
AKAO,004449104,180383910
AKBA,00972D105,503707350
AKCA,00972L107,3001844360
AKR,004239109,2284529090
AKRX,009728106,1628353980
AKS,001547108,1546008800
AKTS,00973N102,174895010
AL,00912X302,4774593960
ALB,012653101,10821141000
ALBO,01345P106,394531200
ALCO,016230104,277160000
ALDR,014339105,1136129400
ALDX,01438T106,289455000
ALE,018522300,3852588610
ALEX,014491104,1634201870
ALG,011311107,1074402080
ALGN,016255101,31422790400
ALGT,01748X102,2049595200
ALK,011659109,8497186280
ALL,020002101,34173098400
ALLY,02005N100,11164042450
ALNA,018119107,222876480
ALNY,02043Q107,8810288320
ALOT,04638F108,149558400
ALPN,02083G100,87676830
ALRM,011642105,2737750400
ALSN,01973R101,6785588670
ALTR,021369103,1596309550
ALX,014752109,1753233100
ALXN,015351109,30979629590
AMAG,00163U106,689460000
AMAT,038222105,37992602150
AMBC,023139884,925679440
AMBR,02318Y108,264752020
AMC,00165C104,1060752000
AMCX,00164V103,3014754960
AMD,007903107,30113796080
AME,031100100,18347690640
AMED,023436108,3978226560
AMG,008252108,7305223040
AMGN,031162100,134173012880
AMH,02665T306,6465933870
AMKR,031652100,1770185820
AMN,001744101,2597867100
AMNB,027745108,339729000
AMOT,019330109,515724250
AMP,03076C106,20947638240
AMPE,03209T109,54123336
AMPH,03209R103,889965440
AMR,02133L109,748466620
AMRC,02361E108,378760200
AMRS,03236M200,508541120
AMRX,03168L105,2549142820
AMSC,030111207,147534600
AMSF,03071H100,1193776500
AMSWA,029683109,352801050
AMT,03027X100,64053325500
AMTD,87236Y108,29989002330
AMWD,030506109,1380249300
AMZN,023135106,976945223000
AN,05329W102,3733890750
ANAB,032724106,2616867330
ANAT,028591105,3475961650
ANCX,004337101,563806670
ANDE,034164103,1065495000
ANDV,03349M105,23197841000
ANET,040413106,19892708640
ANF,002896207,1409760000
ANGI,00183L102,1537517360
ANGO,03475V101,806010500
ANH,037347101,455462360
ANIK,035255108,615153120
ANIP,00182C103,668189720
ANSS,03662Q105,15736750640
ANTM,036752103,71240393700
AOBC,02874P103,844661170
AOS,831865209,7714313280
AP,032037103,73696900
APA,037411105,18233107620
APAM,04316A108,1748887200
APC,032511107,34518975750
APD,009158106,36629387600
APEI,02913V103,542813200
APH,032095101,28239189060
APLE,03784Y200,4028769030
APLS,03753U106,998844840
APO,037612306,6964278050
APOG,037598109,1168157720
APPF,03783C100,1226568000
APPN,03782L101,819622200
APPS,25400W102,95244400
APTI,03835C108,1647492000
APTS,74039L103,703885620
APU,030975106,3673521270
APY,03755L104,3368930400
AQ,03842Q108,438185400
AQUA,30057T105,2024981980
AR,03674X106,5615593060
ARA,029227105,702910550
ARAY,004397105,389196000
ARCB,03937C105,1246958200
ARCH,039380407,1751167200
ARDX,039697107,269934900
ARE,015271109,13303173030
AREX,03834A103,210706010
ARGO,G0464B107,2136764500
ARI,03762U105,2321406270
ARII,02916P103,879772400
ARL,029174109,270669240
ARLP,01877R108,2679948000
ARMK,03852U106,10603397520
ARNA,040047607,2270994960
ARNC,03965L100,10629839550
AROC,03957W106,1578863000
AROW,042744102,534132000
ARQL,04269E107,615904220
ARR,042315507,944628650
ARRY,04269X105,3236414400
ARTNA,043113208,307480800
ARW,042735100,6442317080
ARWR,04280A100,1687400910
ASB,045487105,4474444000
ASGN,00191U102,4132143360
ASH,044186104,5235044360
ASIX,00773T101,1029737450
ASMB,045396108,945064440
ASNA,04351G101,897429180
ASPN,04523Y105,109405800
ASRT,04545L107,375826080
ASTE,046224101,1164168540
ASUR,04649U102,189069660
ASYS,032332504,80035920
ATAX,02364V107,344582100
ATEN,002121101,442058560
ATGE,00737L103,2888674200
ATHN,04685W103,5411067200
ATHX,04744L106,291026400
ATI,01741R102,3713962200
ATKR,047649108,1221361610
ATLO,031001100,253724750
ATNI,00215F107,1178903160
ATNX,04685N103,1030970220
ATO,049560105,10442885910
ATR,038336103,6699596420
ATRA,046513107,1874933050
ATRC,04963C209,1238730860
ATRI,049904105,1287464400
ATRO,046433108,937164000
ATRS,036642106,528988320
ATSG,00922R105,1268447600
ATU,00508X203,1698970500
ATUS,02156K103,8939609680
ATVI,00507V109,63424804710
AUBN,050473107,139638080
AVA,05379B107,3321185280
AVAV,008073108,2684340270
AVB,053484101,25038371850
AVD,030371108,545832000
AVEO,053588109,402148450
AVGO,11135F101,102009778310
AVID,05367P100,247814700
AVNS,05350V106,3238817000
AVP,054303102,973159000
AVT,053807103,5182619970
AVX,002444107,3045666750
AVXL,032797300,124026630
AVY,053611109,9471740300
AVYA,05351X101,2434403700
AWI,04247X102,3595814400
AWK,030420103,15877881240
AWR,029899101,2245916760
AXAS,003830106,388441290
AXDX,00430H102,1242237600
AXE,035290105,2352519200
AXGN,05463X106,1412202550
AXL,024061103,1947803840
AXP,025816109,91693640460
AXTI,00246W103,282503650
AYI,00508Y102,6316453200
AYR,G0129K104,1713055260
AYX,02156B103,1713267870
AZO,053332102,19968069400
AZPN,045327103,8108911170
AZZ,002474104,1314363500
B,067806109,3636238790
BA,097023105,213659525200
BABY,639050103,1192136000
BAC,060505104,294253845000
BAH,099502106,7073317230
BANC,05990K106,948420900
BANF,05945F103,1962643100
BANR,06652V208,2009831760
BAS,06985P209,264445290
BATRK,531229888,1082860500
BAX,071813109,41186565940
BBBY,075896100,2070765000
BBGI,074014101,74823600
BBSI,068463108,491500800
BBT,054937107,37591657380
BBW,120076104,135496600
BBX,05491N104,588086940
BBY,086516101,21788922880
BC,117043109,5812175460
BCBP,055298103,218594550
BCC,09739D100,1431262400
BCEI,097793400,611710980
BCO,109696104,3553902000
BCOR,095229100,1917671000
BCOV,10921T101,301711200
BCPC,057665200,3610530990
BCRX,09058V103,834584660
BDC,077454106,2901959580
BDGE,108035106,656862000
BDN,105368203,2807639160
BDSI,09060J106,166765200
BDX,075887109,69834204000
BEAT,090672106,2108997350
BECN,073685109,2464937090
BELFB,077347300,260707000
BEN,354613101,16027833780
BERY,08579W103,6377802000
BF.B,115637209,15776857200
BFAM,109194100,6836134080
BFIN,06643P104,278041420
BFS,804395101,1260000000
BGCP,05541T101,3451392720
BGFV,08915P101,109298100
BGG,109043109,815121240
BGS,05508R106,1809833400
BGSF,05544A109,274420800
BH,08986R309,375213150
BHB,066849100,445274880
BHBK,095573101,648290000
BHE,08160H101,1090112400
BHF,10922N103,5299199920
BHGE,05722G100,13926187160
BHLB,084680107,1848756800
BHR,10482B101,382548540
BID,835898107,2538843470
BIG,089302103,1685850390
BIIB,09062X103,71171826330
BIO,090572207,7741807650
BIOS,09069N108,396942600
BJRI,09180C106,1517571800
BK,064058100,50987195550
BKD,112463104,1844727290
BKE,118440106,1129864900
BKH,092113109,3113333550
BKI,09215C105,7761537800
BKJ,059915108,124744500
BKNG,09857L108,94184448000
BKS,067774109,423504400
BKU,06652K103,3729460800
BL,09239B109,3045935330
BLBD,095306106,662382000
BLCM,079481107,267029840
BLD,89055F103,2025064800
BLDR,12008R107,1684163000
BLK,09247X101,75216726720
BLKB,09227Q100,4930304320
BLL,058498106,15128644890
BLMN,094235108,1831327020
BLMT,05573H108,317915200
BLUE,09609G100,7907068000
BMCH,05591B109,1255443400
BMI,056525108,1541586300
BMRC,063425102,586712700
BMRN,09061G101,17220902300
BMS,081437105,4423329000
BMTC,117665109,949490500
BMY,110122108,101306924160
BNCL,08171T102,1267178900
BNED,06777U101,270241920
BNFT,08180D106,1289829150
BOCH,06424J103,199079600
BOFI,05465C100,2160689310
BOH,062540109,3316666210
BOJA,097488100,578984600
BOKF,05561Q201,6365808640
BOLD,05070R104,1477855110
BOOM,23291C103,607471200
BOOT,099406100,795366360
BOX,10316T104,3385895100
BPFH,101119105,1154325900
BPI,10807M105,274198080
BPL,118230101,5247405950
BPMC,09627Y109,3425897280
BPOP,733174700,5243797500
BR,11133T103,15349083750
BRC,104674106,2120387500
BREW,224122101,316585050
BRG,09627J102,231917000
BRID,108763103,154308092.3
BRK.B,084670702,292440216510
BRKL,11373M107,1342947200
BRKR,116794108,5228937450
BRKS,114340102,2474484170
BRO,115236101,8258132180
BRS,110394103,433829450
BRSS,37953G103,818220600
BRT,055645303,188727000
BRX,11120U105,5298998770
BSET,070203104,226057500
BSRR,82620P102,441100700
BSTC,090931106,426684550
BSX,101137107,53242612500
BTU,704551100,4337388000
BTX,09066L105,298160950
BURL,122017106,11005408920
BUSE,319383204,1516699350
BVX,10211F100,235748400
BW,05614L100,173735250
BWA,099724106,8935330260
BWFG,06654A103,245956480
BWXT,05605H100,6235800860
BX,09253U108,25405072000
BXC,09624H208,292510610
BXG,09629F108,1336991260
BXMT,09257W100,3965640420
BXP,101121101,19007557800
BXS,05971J102,3232133400
BY,124411109,822171300
BYD,103304101,3800474900
BZH,07556Q881,353577000
C,172967424,180541242700
CA,12673P105,18462028900
CABO,12685J105,5039227830
CAC,133034108,676621440
CACC,225310101,8459131700
CACI,127190304,4549425750
CADE,12739A100,2184285000
CAG,205887102,13304180650
CAH,14149Y108,16676766000
CAI,12477X106,441528220
CAKE,163072101,2453738200
CAL,129500104,1549116140
CALA,13089P101,188931750
CALM,128030202,2117037300
CALX,13100M509,429939900
CAMP,128126109,832873560
CAR,053774105,2545295160
CARA,140755109,940995500
CARB,141337105,1198339100
CARG,141788109,4943211470
CARO,143873107,852886920
CARS,14575E105,1925328130
CASA,14713L102,1273515000
CASH,59100U108,1079409000
CASI,14757U109,404379970
CASS,14808P109,800585280
CASY,147528103,4724780450
CAT,149123101,90628619250
CATO,149205106,481547180
CATY,149150104,3367248640
CBAN,19623P101,150214200
CBAY,23257D103,654307240
CBB,171871502,800004150
CBFV,12479G101,167021900
CBIO,14888D208,128745540
CBL,124830100,688941330
CBLK,14081R103,1436702940
CBM,132011107,2274847200
CBMG,15117P102,307860300
CBPX,211171103,1388148400
CBRE,12504L109,14985091800
CBRL,22410J106,3532885560
CBS,124857202,19448261250
CBSH,200525103,7038854340
CBT,127055101,3860980480
CBTX,12481V104,922725020
CBU,203607106,3121165560
CBZ,124805102,1311155100
CC,163851108,6974766800
CCBG,139674105,398087040
CCF,16150R104,1128929400
CCI,22822V101,46184137200
CCK,228368106,6488928000
CCMP,12709P103,2635890330
CCNE,126128107,441125100
CCO,18451C109,291764200
CCOI,19239V302,2592077400
CCRN,227483104,316855350
CCS,156504300,790623750
CCXI,16383L106,636790560
CDAY,15677J108,5785219350
CDE,192108504,997040460
CDEV,15136A102,5763855200
CDK,12508E101,8097828960
CDMO,05368M106,384166860
CDNA,14167L103,1048582100
CDNS,127387108,12816858560
CDOR,20676Y403,127039960
CDR,150602209,411142480
CDTX,171757107,121787600
CDW,12514G108,13459286880
CDXC,171077407,236185950
CDXS,192005106,917730800
CDZI,127537207,272617500
CE,150870103,15385668000
CECE,125141101,275098680
CECO,141665109,1040964390
CEIX,20854L108,1142802430
CELC,15102K100,291942760
CELG,151020104,62943954870
CEMI,163572209,148827000
CENTA,153527205,1455608220
CENX,156431108,1048583970
CEQP,226344208,2617114500
CERN,156782104,21191147640
CERS,157085101,964798940
CEVA,157210105,633391250
CF,125269100,12710052360
CFFI,12466Q104,205801250
CFFN,14057J101,1799206500
CFG,174610105,18357237220
CFR,229899109,6674551520
CFX,194014106,4288471560
CG,14309L102,2296041000
CGNX,192422103,9602826240
CHCO,177835105,1187020800
CHCT,20369C106,563836000
CHD,171340102,14569872960
CHDN,171484108,3766445100
CHE,16359R103,5141722620
CHEF,163086101,1089482200
CHFC,163731102,3812760000
CHGG,163092109,3239882800
CHH,169905106,4717612200
CHK,165167107,4096110260
CHMG,164024101,203833720
CHMI,164651101,286323900
CHRS,19249H103,1119046500
CHRW,12541W209,13566228480
CHS,168615102,1089801660
CHSP,165240102,1936899720
CHTR,16119P108,75559840320
CHUY,171604101,444858750
CI,125509109,50680761250
CIA,174740100,412272000
CIEN,171779309,4454855240
CIM,16934Q208,3390418780
CINF,172062101,12493300120
CIO,178587101,455998460
CIR,17273K109,942257500
CIT,125581801,5838794130
CIVB,178867107,364313070
CIVI,17887R102,534377750
CIX,20563P101,169129600
CJ,12674R100,1421846400
CKH,811904101,900447840
CL,194162103,58095126050
CLAR,18270P109,327455700
CLBK,197641103,1935346300
CLCT,19421R200,133422000
CLD,18911Q102,174289400
CLDR,18914U100,2667162100
CLDT,16208T102,958412310
CLF,185899101,3772084980
CLFD,18482P103,183727000
CLGX,21871D103,3999443040
CLH,184496107,4014850620
CLI,554489104,1920011860
CLMT,131476103,493433600
CLNC,19625T101,1835879130
CLNE,184499101,529006400
CLNY,19626G108,2982626220
CLPR,18885T306,241009890
CLR,212015101,25675806360
CLSD,185063104,196947600
CLUB,89214A102,235202150
CLVS,189464100,1546330500
CLW,18538R103,488891700
CLX,189054109,19265565670
CLXT,13173L107,493923420
CMA,200340107,15460189800
CMC,201723103,2401127280
CMCO,199333105,920174880
CMCSA,20030N101,161911835490
CMCT,125525105,613130000
CMD,138098108,3839454360
CME,12572Q105,57974717470
CMG,169656105,12637474080
CMI,231021106,23854837770
CMO,14067E506,731698730
CMP,20451N101,2274787200
CMRX,16934W106,186821140
CMS,125896100,13879985000
CMTL,205826209,865184580
CNA,126117100,12389181750
CNAT,20600T108,174991800
CNBKA,156432106,260678000
CNC,15135B101,29717108460
CNCE,206022105,347478600
CNDT,206787103,4755615960
CNK,17243V102,4696525800
CNMD,207410101,2226953420
CNNE,13765N107,1505425100
CNO,12621E103,3492090520
CNOB,20786W107,764370000
CNP,15189T107,13606730900
CNS,19247A100,1898801770
CNSL,209034107,929139120
CNTY,156492100,219316540
CNX,12653C108,3048874290
CNXN,69318J100,1046141000
COBZ,190897108,938691720
CODI,20451Q104,1087185000
COF,14040H105,45416885250
COG,127097103,9935306040
COHR,192479103,4184044810
COHU,192576106,725113900
COKE,191098102,1301661480
COL,774341101,23088492020
COLB,197236102,2840716670
COLD,03064D108,3689424180
COLL,19459J104,489692280
COLM,198516106,6511270270
COMM,20337X109,5912533400
CONE,23283R100,6868629200
CONN,208242107,1120064750
COO,216648402,13619151000
COP,20825C104,89946153000
COR,21870Q105,3829328700
CORE,218681104,1559918640
CORI,21887L107,344737500
CORR,21870U502,448517300
CORT,218352102,1627035020
COST,22160K105,103004744960
COTY,222070203,9430098240
COUP,22266L106,4592783300
COWN,223622606,482626700
CPB,134429109,11013029280
CPE,13123X102,2728540320
CPF,154760409,777649890
CPK,165303108,1374198100
CPRT,217204106,11969285340
CPRX,14888U101,387824220
CPS,21676P103,2137923620
CPSI,205306103,378209100
CPT,133131102,8683670280
CR,224399105,5861463300
CRAI,12618T105,405777600
CRAY,225223304,877780500
CRBP,21833P103,431905300
CRC,13057Q206,2346571090
CRCM,141633107,691247040
CRD.B,224633107,225166080
CREE,225447101,3854825170
CRI,146229109,4581942000
CRIS,231269200,59062180
CRK,205768302,878643000
CRL,159864107,6462225280
CRM,79466L302,120338001000
CRMT,03062T105,538250600
CROX,227046109,1449721260
CRR,140781105,201115000
CRS,144285103,2789278200
CRUS,172755100,2355410600
CRVL,221006109,1137580250
CRVS,221015100,250518840
CRY,228903100,1294480000
CRZO,144577103,2308672800
CSCO,17275R102,222395399100
CSFL,15201P109,2680486050
CSGP,22160N109,15314788440
CSGS,126349109,1345251960
CSII,141619106,1311424840
CSL,142339100,7275966600
CSLT,14862Q100,231759900
CSOD,21925Y103,3334970500
CSS,125906107,129777600
CSTR,14070T102,197928400
CSU,140475104,294301440
CSV,143905107,412768700
CSWI,126402106,843949200
CSX,126408103,63594954550
CTAS,172908105,21501749190
CTB,216831107,1416698000
CTBI,204149108,821739150
CTIC,12648L601,125256240
CTL,156700106,22898607600
CTLT,148806102,6614133300
CTMX,23284F105,831834000
CTO,210226106,345903120
CTRE,14174T107,1434173510
CTRL,21240D107,895875680
CTRN,17306X102,373290750
CTS,126501105,1134884100
CTSH,192446102,44765053100
CTSO,23283X206,405821100
CTT,14912Y202,561395880
CTWS,207797101,835561650
CTXS,177376100,15079743280
CUB,229669106,1990758600
CUBE,229663109,5303327580
CUBI,23204G100,745195100
CULP,230215105,303032400
CUTR,232109108,450394350
CUZ,222795106,3737222650
CVA,22282E102,2125825000
CVBF,126600105,3131496000
CVCO,149568107,2294204000
CVCY,155685100,297915460
CVEO,17878Y108,697025700
CVG,212485106,2164019700
CVGI,202608105,284454640
CVGW,128246105,1697068800
CVI,12662P108,3492342820
CVLT,204166102,3201450000
CVLY,192025104,279473040
CVNA,146869102,2024246130
CVRS,218730109,268327460
CVS,126650100,80141998080
CVTI,22284P105,464756580
CVX,166764100,234306455160
CW,231561101,6043869020
CWAY,190632109,123685200
CWEN.A,18539C105,658517440
CWH,13462K109,789010560
CWST,147448104,1297220900
CWT,130788102,2062203000
CXDC,16948F107,181036800
CXO,20605P101,30590326000
CXP,198287203,2788905360
CXW,21871N101,2884735110
CY,232806109,5238700110
CYBE,232517102,142248400
CYH,203668108,402238840
CYRX,229050307,367595760
CYTK,23282W605,538085800
CZNC,172922106,321174300
CZR,127686103,6931091000
D,25746U109,45946674480
DAKT,234264109,349577760
DAL,247361702,39979671730
DAN,235825205,2698655150
DAR,237266101,3181134600
DATA,87336U105,7827051780
DBD,253651103,342423000
DCI,257651109,7514258280
DCO,264147109,465657680
DCOM,253922108,668643150
DCP,23311P100,5673642900
DCPH,24344T101,1458079040
DDD,88554D205,2155167000
DDR,23317H854,2472557230
DDS,254067101,1791012740
DE,244199105,48357252420
DEA,27616P103,1169657450
DECK,243537107,3566174920
DEI,25960P109,6409306960
DENN,24869P104,933041920
DERM,24983L104,458083400
DF,242370203,648755400
DFIN,25787G100,609280000
DFRG,245077102,276556000
DFS,254709108,26196204100
DG,256677105,29022866200
DGICA,257701201,322780150
DGII,253798102,366418350
DGX,74834L100,14747735970
DHI,23331A109,15904770420
DHIL,25264R207,583826700
DHR,235851102,76035378300
DHX,23331S100,112818300
DIN,254423106,1439024380
DIOD,254543101,1667429520
DIS,254687106,173918196420
DISCA,25470F104,4999840000
DISH,25470M109,8191936560
DJCO,233912104,332821000
DK,24665A103,3676092770
DKS,253393102,2715213440
DLA,247368103,125953200
DLB,25659T107,4503549080
DLR,253868103,24143494560
DLTH,26443V101,919387040
DLTR,256746108,19399766400
DLX,248019101,2711596680
DMLP,25820R105,658512000
DMRC,25381B101,373626000
DNB,26483E100,5290826260
DNBF,233237106,158891400
DNKN,265504100,6176040440
DNOW,67011P100,1793871050
DNR,247916208,2855949400
DO,25271C102,2748680000
DOC,71943U104,3069447300
DOCU,256163106,8242240020
DORM,258278100,2552667120
DOV,260003108,13076235120
DOVA,25985T102,591395940
DPLO,25456K101,1444239870
DPZ,25754A201,12344160400
DRE,264411505,10135749900
DRH,252784301,2425504470
DRI,237194105,13795565680
DRNA,253031108,943173370.3
DRQ,262037104,1961830750
DRRX,266605104,178202200
DS,262077100,399182920
DSKE,23753F107,516848900
DSPG,23332B106,267024100
DSW,23334L102,2458366680
DTE,233331107,19836887490
DUK,26441C204,57002647100
DVA,23918K108,11955047000
DVAX,268158201,776438400
DVMT,24703L103,19361551840
DVN,25179M103,20321472000
DWCH,237917208,148339450
DWDP,26078J100,148387414870
DWSN,239360100,141880990
DX,26817Q506,366926560
DXC,23355L106,26294176720
DXCM,252131107,12638442240
DXPE,233377407,696697090
DY,267475101,2642565600
DZSI,23305L206,234106620
EA,285512109,36727520820
EAF,384313508,5668396380
EARN,288578107,143270100
EAT,109641100,1907612060
EBAY,278642103,32674941000
EBF,293389102,537548700
EBIX,278715206,2492512650
EBS,29089Q105,3292816600
EBSB,58958U103,916810000
EBTC,293668109,402191050
ECHO,27875T101,883560600
ECL,278865100,45294369120
ECOL,91732J102,1621393750
ECOM,159179100,339673350
ECPG,292554102,1105542300
ECR,27890G100,359773890
ECYT,29269A102,1411138560
ED,209115104,23702937570
EDIT,28106W103,1517050320
EE,283677854,2327525200
EEFT,298736109,5113525060
EEP,29250R106,3588421830
EEQ,29250X103,1076832120
EEX,29103B100,1203896960
EFII,286082102,1512300000
EFSC,293712105,1228160550
EFX,294429105,15722194840
EGAN,28225C806,224418600
EGBN,268948106,1736035400
EGC,29276K101,279198920
EGHT,282914100,1983092500
EGL,29286C107,1330514310
EGLE,Y2187A143,410467940
EGN,29265N108,8406745200
EGOV,62914B100,985088000
EGP,277276101,3417267560
EGRX,269796108,1043832480
EGY,91851C201,162287580
EHC,29261A100,7706448800
EHTH,28238P109,541913760
EIG,292218104,1483982700
EIGI,29272B105,1262905600
EIGR,28249U105,170928000
EIX,281020107,22050888480
EL,518439104,32476985520
ELF,26856L103,605718860
ELGX,29266S106,161790370
ELLI,28849P100,3282832800
ELOX,29014R103,593980320
ELS,29472R108,8593598550
ELVT,28621V101,348119460
ELY,131193104,2293947600
EMCI,268664109,532839600
EME,29084Q100,4369899800
EMKR,290846203,130596500
EML,276317104,177982800
EMN,277432100,13523321600
EMR,291011104,48127926280
ENFC,29363J108,182982600
ENLC,29336T100,2979637850
ENLK,29336U107,6530449440
ENPH,29355A107,469717650
ENR,29272W109,3505510500
ENS,29275Y102,3670089860
ENSG,29358P101,1975139040
ENT,37951D102,257415240
ENTA,29251M106,1656043880
ENTG,29362U104,4100217450
ENV,29404K106,2766154800
ENVA,29357K103,983635200
ENZ,294100102,194323920
EOG,26875P101,73888671570
EPAM,29414B104,7405781400
EPAY,101388106,3083412970
EPC,28035Q102,2498269200
EPD,293792107,62515072230
EPE,268785102,601438500
EPM,30049A107,366550600
EPR,26884U109,5086215090
EPZM,29428V104,736731800
EQBK,29460X109,619836880
EQC,294628102,3898389470
EQH,054561105,12033450000
EQIX,29444U700,34418218120
EQR,29476L107,24402365320
EQT,26884L109,11676720000
ERA,26885G109,267846800
ERI,28470R102,3758626800
ERIE,29530P102,5890483170
ERII,29270J100,479541000
ES,30040W108,19469475840
ESCA,296056104,185554000
ESE,296315104,1763243550
ESIO,285229100,595708100
ESL,297425100,2677840850
ESND,296689102,482596080
ESPR,29664W105,1189293480
ESQ,29667J101,185852160
ESRT,292104106,2774019490
ESRX,30219G108,53417377290
ESS,297178105,16295195500
ESSA,29667D104,191721660
ESTE,27032D304,264168940
ESXB,203612106,194576800
ETE,29273V100,20187548010
ETFC,269246401,13604373250
ETH,297602104,550476750
ETM,293639100,1093936700
ETP,29278N103,25981582620
ETR,29364G103,14672766150
ETSY,29786A106,6152909140
EV,278265103,6204340080
EVBG,29978A104,1693809040
EVBN,29911Q208,226345950
EVC,29382R107,316378300
EVH,30050B101,2211792000
EVHC,29414D100,5551256160
EVI,29414M100,435733650
EVR,29977A105,4118125800
EVRG,30034W106,14921104960
EVRI,30034T103,637736820
EVTC,30040P103,1752479700
EW,28176E108,36454102600
EWBC,27579R104,8748397810
EXAS,30063P105,9687745680
EXC,30161N101,42171499620
EXEL,30161Q104,5281180200
EXLS,302081104,2271520600
EXP,26969P108,4073278640
EXPD,302130109,12818926080
EXPE,30212P303,17830222480
EXPO,30214U102,2789236800
EXPR,30219E103,811593860
EXR,30225T102,10960133280
EXTN,30227H106,958396250
EXTR,30226D106,647955200
EYE,63845R107,3406806080
EYES,81362J100,127442500
EYPT,30233G100,266007840
EZPW,302301106,550985800
F,345370860,36212584500
FAF,31847R102,5760487810
FANG,25278X109,13332572990
FARM,307675108,447585600
FARO,311642102,1092598650
FAST,311900104,16648780980
FATE,31189P102,1020535920
FB,30303M102,396624892800
FBC,337930705,1812672000
FBHS,34964C106,7457111200
FBIO,34960Q109,86948800
FBIZ,319390100,203056800
FBK,30257X104,1202238300
FBM,350392106,534888180
FBMS,318916103,510578750
FBNC,318910106,1203268530
FBNK,319850103,480217050
FBP,318672706,1976374400
FC,353469109,328924200
FCAP,31942S104,128635480
FCB,30255G103,2217466800
FCBC,31983A103,561561000
FCCO,319835104,184041000
FCCY,31986N102,173445300
FCE.A,345605109,6704800700
FCEL,35952H502,99877010
FCF,319829107,1619891100
FCFS,33767D105,3634814000
FCN,302941109,2796370330
FCNCA,31946M103,4977341400
FCPT,35086T109,1717119600
FCX,35671D857,20170121760
FDC,32008D106,13803894050
FDEF,32006W106,614274110
FDS,303075105,8581068180
FDX,31428X106,63452017640
FE,337932107,18065400570
FELE,353514102,2207331000
FET,34984V100,1127694600
FEYE,31816Q101,3315085000
FF,36116M106,810995220
FFBC,320209109,2907659700
FFG,30239F106,1866726750
FFIC,343873105,690398000
FFIN,32020R109,3999297000
FFIV,315616102,12128325560
FFNW,32022K102,180861550
FFWM,32026V104,693481140
FGBI,32043P106,226251830
FGEN,31572Q808,5123229750
FGP,315293100,214708130
FHB,32051X108,3663177840
FHN,320517105,5609551780
FIBK,32055Y201,1706924800
FICO,303250104,6660861200
FII,314211103,2430403560
FIS,31620M106,35864506470
FISI,317585404,500045000
FISV,337738108,33357886260
FIT,33812L102,1145381500
FITB,316773100,18653128640
FIVE,33829M101,7247853620
FIVN,338307101,2547345450
FIX,199908104,2100618000
FIZZ,635017106,5437524120
FL,344849104,5857398080
FLDM,34385P108,293338360
FLIC,320734106,552906750
FLIR,302445101,8484089400
FLO,343498101,3935076780
FLOW,78469X107,2212392000
FLR,343412102,8169963900
FLS,34354P105,7156350570
FLT,339041105,20138549760
FLWS,68243Q106,425378200
FLXN,33938J106,707537360
FLXS,339382103,233607700
FMAO,30779N105,394553760
FMBH,320866106,616645700
FMBI,320867104,2742997810
FMC,302491303,11737043400
FMNB,309627107,422907300
FNB,302520101,4124561760
FND,339750101,2934937600
FNF,31620R303,10817472400
FNHC,31431B109,324411360
FNKO,361008105,557781050
FNLC,31866P102,314469350
FNSR,31787A507,2232869550
FNWB,335834107,176869000
FOE,315405100,1953661140
FOLD,03152W109,2286642150
FONR,344437405,158289300
FOR,346232101,889106800
FORM,346375108,1015602500
FORR,346563109,829596600
FOSL,34988V106,1149775920
FOXA,90130A101,48834275490
FOXF,35138V102,2649431100
FPI,31154R109,220215600
FPRX,33830X104,495259680
FR,32054K103,3955897600
FRAC,48669A108,1356073620
FRAN,351793104,134302000
FRBA,31931U102,244077150
FRBK,760416107,420134000
FRC,33616C100,15530304000
FRGI,31660B101,729365500
FRME,320817109,2229749390
FRPH,30292L107,623856600
FRPT,358039105,1295987100
FRT,313747206,9294406770
FRTA,34960W106,479036440
FSB,35352P104,566480800
FSBW,30263Y104,206665480
FSCT,34553D101,1579802880
FSFG,33621E109,156497760
FSLR,336433107,5074512840
FSNN,36116X102,201652480
FSP,35471R106,856775690
FSS,313855108,1612156000
FSTR,350060109,217069650
FTD,30281V108,73476940
FTK,343389102,136701600
FTNT,34959E109,15606270990
FTR,35906A306,686706900
FTV,34959J108,29428910400
FUL,359694106,2615122040
FULT,360271100,2929034700
FUN,150185106,2939395200
FUNC,33741H107,133141600
FWONA,531229870,912982800
FWRD,349853101,2104323300
GABC,373865104,810311040
GAIA,36269P104,192500000
GALT,363225202,245893140
GATX,361448103,3264443000
GBCI,37637Q105,3641837530
GBL,361438104,232747960
GBNK,40075T607,870417900
GBT,37890U108,1978014000
GBX,393657101,1934679100
GCAP,36268W100,290173000
GCBC,394357107,274069800
GCI,36473H104,1131079950
GCO,371532102,951090300
GCP,36164Y101,1915794900
GD,369550108,60654646320
GDDY,380237107,13802045680
GDEN,381013101,660563120
GDI,36555P107,5643060800
GDOT,39304D102,4669000940
GDP,382410843,166205520
GE,369604103,98122304490
GEF,397624107,1391994060
GEL,371927104,2913977420
GEN,37185X106,136472850
GENC,368678108,147070250
GEO,36162J106,3064009960
GEOS,37364X109,186278900
GERN,374163103,323174720
GES,401617105,1831165000
GFF,398433102,736682250
GFN,369822101,481833550
GGG,384109104,7745731000
GHC,384637104,2539071900
GHDX,37244C101,2517738100
GHL,395259104,594614100
GHM,384556106,276939270
GIFI,402307102,149677850
GIII,36237H101,2369936010
GILD,375558103,100090488610
GIS,370334104,25590191600
GKOS,377322102,2288049500
GLDD,390607109,386291000
GLIBA,36164V305,5332560000
GLPI,36467J108,7535357250
GLT,377316104,836616690
GLUU,379890106,1056439800
GLW,219350105,28593529500
GLYC,38000Q102,620020800
GM,37045V100,47504598960
GME,36467W109,1556730690
GMED,379577208,4221241200
GMRE,37954A204,203764020
GMS,36251C103,954424800
GNBC,39260X100,824506800
GNC,36191G107,347300460
GNE,372284208,135000000
GNL,379378201,1486750950
GNMK,372309104,409784550
GNRC,368736104,3497081540
GNTX,371901109,5770937360
GNTY,400764106,361581030
GNW,37247D106,2087835600
GOGO,38046C109,453351690
GOLF,005098108,2050639370
GOOD,376536108,548915600
GOOGL,02079K305,360813111120
GORO,38068T105,296022880
GOV,38376A103,1120205090
GPC,372460105,14587248200
GPI,398905109,1292223900
GPK,388689101,4347919440
GPMT,38741L107,837831680
GPN,37940X102,20152769000
GPOR,402635304,1804073820
GPRE,393222104,712596000
GPRO,38268T103,812404800
GPS,364760108,11178509500
GPT,385002308,4412242240
GPX,36225V104,278614750
GRA,38388F108,4804827480
GRBK,392709101,512272000
GRC,383082104,953270500
GRIF,398231100,196131000
GRPN,399473107,2142852920
GRUB,400110102,12539842440
GS,38141G104,84663157440
GSAT,378973408,642112000
GSBC,390905107,782759700
GSHD,38267D109,458362710
GSIT,36241U106,150206100
GT,382550101,5543804240
GTHX,3621LQ109,1886518620
GTLS,16115Q308,2427995010
GTN,389375106,1435402500
GTS,896749108,421851480
GTT,362393100,2370855200
GTXI,40052B207,37752220
GTY,374297109,1153538400
GVA,387328107,2088261500
GWB,391416104,2485497280
GWR,371559105,5407717680
GWRE,40171V100,8142214080
GWRS,379463102,227219040
GWW,384802104,20062852940
H,448579102,3443779710
HA,419879101,2034593800
HABT,40449J103,327373750
HAE,405024100,5922869360
HAFC,410495204,809573700
HAIN,405217100,2819178240
HAL,406216101,35662184880
HALL,40624Q203,198649000
HALO,40637H109,2622003680
HAS,418056107,13343827680
HASI,41068X100,1160260270
HAYN,420877201,444069500
HBAN,446150104,16475066840
HBCP,43689E107,411364280
HBI,410345102,6644144010
HBIO,416906105,192045000
HBMD,442496105,336742500
HBNC,440407104,757669250
HBP,448451104,110002740
HCA,40412C101,48141919520
HCC,93627C101,1427441600
HCCI,42726M106,492096150
HCHC,404139107,273612960
HCI,40416E103,406175000
HCKT,404609109,593659300
HCP,40414L109,12366004560
HCSG,421906108,2995318800
HD,437076102,237008186700
HDP,440894103,1855616310
HDS,40416M105,7863817830
HE,419870100,3875003610
HEAR,900450206,275092240
HEES,404030108,1348179300
HEI,422806109,4940743500
HELE,G4388N106,3448298700
HEP,435763107,3317142400
HES,42809H107,21451667040
HF,40418F108,1661647680
HFC,436106108,12314632500
HFWA,42722X106,1295945350
HGV,43283X105,3207290700
HHC,44267D107,5348292100
HI,431571108,3258865300
HIBB,428567101,348852800
HIFR,45685L100,929796300
HIFS,433323102,462919860
HIG,416515104,17906613240
HII,446413106,11092873440
HIIQ,42225K106,878019300
HIVE,007786106,227930760
HIW,431284108,4889519600
HK,40537Q605,718127850
HL,422704106,1330866270
HLF,G4412G101,8573732600
HLI,441593100,1539571380
HLIT,413160102,473170500
HLNE,407497106,1145257920
HLT,43300A203,24087465080
HLX,42330P107,1463356440
HMHC,44157R109,864878000
HMN,440327104,1841573500
HMST,43785V102,715129000
HMSY,40425J101,2738421030
HMTV,42365Q103,274019850
HNGR,41043F208,766523170
HNI,404251100,1934880640
HNNA,425885100,108154650
HNRG,40609P105,187700940
HOFT,439038100,398333000
HOG,412822108,7544896200
HOLX,436440101,11151600540
HOMB,436893200,3825119700
HOME,04650Y100,2049071640
HON,438516106,123570470400
HONE,41165F101,623751760
HOPE,43940T109,2101728090
HOS,440543106,221058600
HOV,442487203,212536000
HP,423452101,7492078880
HPE,42824C109,24002578880
HPP,444097109,5127387600
HPQ,40434L105,40778679930
HPR,43114K108,1036560800
HPT,44106M102,4740257760
HQY,42226A107,5878061010
HR,421946104,3664288320
HRB,093671105,5292165750
HRC,431475102,6268632000
HRI,42704L104,1458124800
HRL,440452100,21004849200
HRS,413875105,19883359470
HRTG,42727J102,393767400
HRTX,427746102,2460281100
HSC,415864107,2308153300
HSIC,806407102,13019028330
HSII,422819102,641762150
HSKA,42805E306,849598380
HST,44107P104,15649384700
HSTM,42222N103,1002336230
HSY,427866108,15166686000
HT,427825500,892744600
HTA,42225P501,5534798430
HTBI,437872104,554316400
HTBK,426927109,644872240
HTH,432748101,1907618090
HTLD,422347104,1616419710
HTLF,42234Q102,1999242000
HTZ,42806J106,1374643070
HUBB,443510607,7316029610
HUBG,443320106,1537586400
HUBS,443573100,5855803350
HUM,444859102,46635530760
HUN,447011107,6504348410
HURC,447324104,302936700
HURN,447462102,1109820400
HVT,419596101,424364200
HWBK,420476103,136977750
HWC,410120109,4057917000
HWCC,44244K109,127250200
HWKN,420261109,444012400
HXL,428291108,5868148950
HY,449172105,779462040
HZN,44052W104,178934480
HZO,567908108,573439941.25
IAC,44919P508,16780196160
IART,457985208,5607644840
IBCP,453838609,571171150
IBKC,450828108,4557796450
IBKR,45841N107,4152896040
IBM,459200101,138019649280
IBOC,459044103,2976165000
IBP,45780R101,1232634000
IBTX,45384B106,2020492500
ICBK,221907108,168069600
ICD,453415309,188969820
ICE,45866F104,42944696930
ICFI,44925C103,1422987000
ICPT,45845P108,3735833400
ICUI,44930G107,5787327000
IDA,451107106,5000497390
IDCC,45867G101,2784880000
IDRA,45168K405,242120340
IDT,448947507,124304520
IDTI,458118106,6056157270
IDXX,45168D104,21618309060
IEP,451100101,12884547520
IESC,44951W106,413517000
IEX,45167R104,11552608800
IFF,459506101,12599263680
IHC,453440307,530925100
III,45675Y104,215587560
IIIN,45774W108,684769800
IIN,46121H109,472923000
IIPR,45781V101,327356640
IIVI,902104108,3012726200
ILMN,452327109,53957820000
IMDZ,45252L103,166169250
IMGN,45253H101,1411228870
IMH,45254P508,157649520
IMKTA,457030104,484123750
IMMR,452521107,325238900
IMMU,452907108,3891710560
IMPV,45321L100,1625471300
INAP,45885A409,267983340
INBK,320557101,310041900
INCY,45337C102,14684819160
INDB,453836108,2278190600
INFN,45667G103,1116827000
INGN,45780L104,5211962000
INGR,457187102,7454993920
INN,866082100,1417186320
INO,45773H201,508723320
INOV,45781D101,724152750
INSE,45782N108,131058500
INSM,457669307,1557769020
INSP,457730109,898576320
INST,45781U103,1232946600
INSY,45824V209,748389600
INT,981475106,1880689920
INTC,458140100,218054190000
INTL,46116V105,913586240
INTU,461202103,58822012800
INVA,45781M101,1546981920
INVH,46187W107,11925571400
INWK,45773Y105,413194320
IO,462044207,217746650
IONS,462222100,7080592920
IOSP,45768S105,1873928000
IOTS,00687D101,174144600
IOVA,462260100,1075410000
IP,460146103,20096353700
IPAR,458334109,2018638450
IPG,460690100,8777162950
IPGP,44980X109,8390479270
IPHI,45772F107,1665423000
IPHS,45774N108,870595200
IPI,46121Y102,470674130
IQV,46266C105,26283637380
IRBT,462726100,3012467520
IRDM,46269C102,2491942500
IRET,461730103,714651860
IRM,46284V101,9877759920
IRMD,46266A109,396762000
IRT,45378A106,923017680
IRTC,450056106,2267012340
IRWD,46333X108,2569281260
ISBC,46146L101,3654963060
ISCA,460335201,1070472000
ISRG,46120E602,65291352000
ISRL,465141406,331731900
ISTR,46134L105,256981350
IT,366651107,14394653000
ITCI,46116X101,1187185300
ITG,46145F105,714541740
ITGR,45826H109,2668169700
ITI,46564T107,178836580
ITIC,461804106,316827300
ITRI,465741106,2522995800
ITT,45073V108,5366376000
ITW,452308109,47325015360
IVC,461203101,483496500
IVR,46131B100,1766192260
JACK,466367109,2284870480
JAG,47009K107,2948265570
JAX,46609J106,174870500
JBGS,46590V100,4431717070
JBHT,445658107,13005375360
JBL,466313103,4561490600
JBLU,477143101,6056717920
JBSS,800422107,624432240
JBT,477839104,3770476500
JCAP,476405105,373550850
JCOM,48123V102,4079782550
JCP,708160106,522568000
JEC,469814107,10855656000
JEF,47233W109,7319970720
JELD,47580P103,2587549140
JILL,46620W102,270362640
JJSF,466032109,2824057240
JKHY,426281101,12354814320
JLL,48020Q107,6571899840
JNCE,481116101,212082000
JNJ,478160104,370676396520
JNPR,48203R104,10333506150
JOE,790148100,1029756000
JOUT,479167108,823426450
JPM,46625H100,379242150560
JW.A,968223206,2933100600
JWN,655664100,10081872650
K,487836108,24274043460
KAI,48282T104,1196919300
KALA,483119103,242723040
KALU,483007704,1813885920
KAMN,483548103,1869572880
KAR,48238T109,8015710410
KBAL,494274103,618041500
KBH,48666K109,2096643990
KBR,48242W106,2972969870
KDMN,48283N106,377760680
KDP,49271V100,32176943610
KE,49428J109,522395250
KEG,49309J103,231602800
KELYA,488152208,850013190
KEM,488360207,1064083650
KERX,492515101,409560600
KEX,497266106,4924554250
KEY,493267108,20924996040
KEYS,49338L103,12422727840
KEYW,493723100,431952140
KFRC,493732101,982300000
KFY,500643200,2803774840
KHC,500754106,67192757280
KIDS,68752L100,468625600
KIM,49446R109,7053934680
KIN,494577109,471510000
KINS,496719105,202616000
KIRK,497498105,156455540
KKR,48251W104,14310368820
KLAC,482480100,15879677170
KLIC,501242101,1610916480
KLXI,482539103,3185896660
KMB,494368103,39508650600
KMG,482564101,1171935600
KMI,49456B101,39127078170
KMPR,488401100,5208654800
KMT,489170100,3572921880
KMX,143130102,13088904300
KN,49926D109,1497462000
KNDI,483709101,249639200
KNL,498904200,1158617600
KNSL,49714P108,1352618660
KNX,499049104,6141163840
KO,191216100,196442467180
KODK,277461406,132283200
KOP,50060P106,659663550
KOPN,500600101,185439760
KPTI,48576U106,1031387890
KR,501044101,23212867090
KRA,50077C106,1503424900
KRC,49427F108,7215741880
KREF,48251K100,1170505440
KRG,49803T300,1393088850
KRNY,48716P108,1379820100
KRO,50105F105,1883505000
KRYS,501147102,193010820
KS,48562P103,3317754400
KSS,500255104,12428454150
KSU,485170302,11572571520
KTOS,50077B207,1533247640
KTWO,48273J107,1193715180
KURA,50127T109,664562500
KVHI,482738101,231398400
KW,489398107,3100407500
KWR,747316107,2695661510
L,540424108,15871775860
LABL,625383104,1275938250
LAD,536797103,1895001960
LADR,505743104,1659154420
LAMR,512816109,6583202600
LANC,513847103,4101782900
LAND,376549101,198316140
LASR,65487K100,791764290
LAUR,518613203,1414520160
LAWS,520776105,302354100
LB,501797104,8334408900
LBAI,511637100,857104250
LBRDK,530307305,12862999800
LBY,529898108,193742500
LC,52603A109,1642186720
LCI,516012101,184784500
LCII,50189K103,2087884800
LCNB,50181P100,248045000
LCUT,53222Q103,226076900
LDL,550819106,749078000
LDOS,525327102,10407542600
LE,51509F105,565320600
LEA,521865204,9499240000
LEAF,52177G102,250270000
LECO,533900106,6089671680
LEE,523768109,151262000
LEG,524660107,5699706400
LEN,526057104,13620686940
LEXEA,53046P109,2561186880
LFUS,537008104,4963279090
LGCY,524706108,515555000
LGIH,50187T106,1073709520
LGND,53220K504,5792836960
LH,50540R409,17697992000
LHCG,50187A107,3226985670
LHO,517942108,3818666820
LII,526107107,8791692000
LIND,535219109,680852690
LION,316394105,674362920
LITE,55024U109,3796753400
LJPC,503459604,527929380
LKFN,511656100,1176036960
LKQ,501889208,10073656940
LKSD,50218P107,369083260
LL,55003T107,442843610
LLEX,532403201,314815200
LLL,502413107,16654311980
LLNW,53261M104,565462840
LLY,532457108,115249652280
LM,524901105,2668634730
LMAT,525558201,753957880
LMNR,532746104,461337590
LMNX,55027E102,1352068480
LMT,539830109,98522834760
LNC,534187109,14660636460
LNDC,514766104,399585600
LNG,16411R208,17863874769.42
LNN,535555106,1078281680
LNT,018802108,9951716610
LNTH,516544103,572585000
LOB,53803X105,950676400
LOCO,268603107,484542950
LOGM,54142L109,4621527900
LONE,54240F103,191922230
LOPE,38526M106,5440005600
LORL,543881106,972785800
LOW,548661107,93119020000
LOXO,548862101,5205190100
LPI,516806106,1921183670
LPLA,50212V100,5683072960
LPNT,53219L109,2490734400
LPSN,538146101,1619487600
LPT,531172104,6245099250
LPTX,52187K101,114520790
LPX,546347105,3780573330
LQDT,53635B107,203981050
LRCX,512807108,23101937900
LRN,48273U102,700442100
LSCC,518415104,1014072000
LSI,53223X107,4434456000
LSTR,515098101,5013346000
LSXMK,531229607,9467537750
LTC,502175102,1748299850
LTRPA,531465102,1071115650
LTS,50575Q102,542845800
LTXB,52471Y106,2059965600
LUV,844741108,35785036550
LVS,517834107,46752277320
LW,513272104,9751771800
LXP,529043101,1991161700
LXRX,528872302,1129728930
LXU,502160104,279844920
LYTS,50216C108,117953200
LYV,538034109,11387498200
LZB,505336107,1475309200
M,55616P104,10661172290
MA,57636Q104,228187493550
MAA,59522J103,11401485800
MAC,554382101,7798709790
MACK,590328209,71118190
MAN,56418H100,5578374200
MANH,562750109,3590496000
MANT,564563104,1670487000
MAR,571903202,45812825640
MARK,75955K102,110973720
MAS,574599106,11253658200
MASI,574795100,6497251800
MAT,577081102,5403202100
MATW,577128101,1609664550
MATX,57686G105,1692509080
MB,60255W105,1805469750
MBCN,596304204,152321400
MBFI,55264U108,3882508110
MBI,55262C100,969465410
MBII,57165B106,202377870
MBIN,58844R108,729401480
MBTF,578877102,259719200
MBUU,56117J100,1128654720
MBWM,587376104,554275700
MC,60786M105,2503209200
MCB,591774104,337471840
MCBC,554225102,398303940
MCD,580135101,129783582000
MCF,21075N204,158968140
MCFT,55276F107,671888880
MCHP,595017104,18587881780
MCHX,56624R108,102101060
MCK,58155Q103,26499623150
MCO,615369105,32085680000
MCRB,81750R102,309641640
MCRI,609027107,812873250
MCRN,59870L106,1427523750
MCS,566330106,835869900
MCY,589400100,2775453120
MD,58502B106,4361170220
MDB,60937P106,2568498800
MDC,552676108,1669406460
MDCO,584688105,2207118720
MDGL,558868105,3290535710
MDLZ,609207105,63003460560
MDP,589433101,2035465600
MDR,580037703,3327296910
MDRX,01988P108,2488192500
MDSO,58471A105,4374847560
MDU,552690109,5035702420
MDXG,602496101,686196300
MED,58470H101,2647744050
MEDP,58506Q109,2131118520
MEET,58513U101,362062800
MEI,591520200,1338929400
MEIP,55279B202,306380660
MET,59156R108,46478831360
METC,75134P303,299011720
MFA,55272X102,3296717550
MFSF,62845B104,316430950
MG,60649T107,614907920
MGEE,55277P104,2213551800
MGEN,60463E103,170731260
MGI,60935Y208,297497450
MGLN,559079207,1769187750
MGM,552953101,15012844820
MGNX,556099109,905561280
MGP,55303A105,2091165390
MGPI,55303J106,1330655040
MGRC,580589109,1316539900
MHK,608190104,13081636050
MHO,55305B101,683704030
MIC,55608B105,3938164230
MIDD,596278101,7207899400
MIK,59408Q106,2781302640
MINI,60740F105,1958209450
MITK,606710200,266468850
MITT,001228105,513148680
MJCO,56068V102,276503650
MKC,579780206,16042934000
MKL,570535104,16503372140
MKSI,55306N104,4391498650
MKTX,57060D108,6706047790
MLAB,59064R109,714822620
MLHR,600544100,2284684800
MLI,624756102,1668987180
MLM,573284106,11465033400
MLNT,58549G100,221239500
MLP,577345101,245683200
MLR,600551204,306229600
MLVF,561409103,157471250
MMC,571748102,41771945600
MMI,566324109,1340569620
MMLP,573331105,453003200
MMM,88579Y101,123605225230
MMP,559080106,15453365400
MMS,577933104,4179324280
MMSI,589889104,3363465750
MNKD,56400P706,279968040
MNOV,58468P206,523068710
MNR,609720107,1345207600
MNRO,610236101,2288865600
MNST,61174X109,32201040440
MNTA,60877T100,2059684500
MNTX,563420108,206461710
MO,02209S103,113694904250
MOBL,60739U204,544500800
MOD,607828100,755295900
MODN,607525102,495312500
MOFG,598511103,407081510
MOG.A,615394202,2791187990
MOH,60855R100,9184009400
MORN,617700109,5367872400
MOS,61945C103,12519675840
MOV,624580106,692481300
MPAA,620071100,443580200
MPB,59540G107,246346650
MPC,56585A102,36067029790
MPW,58463J304,5440032780
MPWR,609839105,5309919000
MPX,568427108,790803720
MRAM,30041T104,129822720
MRC,55345K103,1695212550
MRCY,589378108,2678151840
MRK,58933Y105,188666703500
MRLN,571157106,358865150
MRNS,56854Q101,405250000
MRO,565849106,19884542160
MRSN,59045L106,231530000
MRT,58409L306,309708360
MRTN,573075108,1150571950
MRTX,60468T105,1524108900
MRVL,G5876H105,12707120000
MS,617446448,81254870300
MSA,553498106,4091021400
MSB,590672101,347680000
MSBI,597742105,759967500
MSCI,55354G100,15759862530
MSEX,596680108,793700640
MSFT,594918104,877013978290
MSG,55825T103,6034278840
MSGN,553573106,1574238600
MSI,620076307,21117427380
MSL,598039105,256256000
MSM,553530106,4058699040
MSON,604871103,174677000
MSTR,594972408,1326327840
MTB,55261F104,23659371140
MTCH,57665R106,3878464340
MTD,592688105,15354821720
MTDR,576485205,3845863250
MTEM,608550109,196708050
MTG,552848103,4820283050
MTH,59001A102,1621895100
MTN,91879Q109,11107423920
MTOR,59001K100,1674310880
MTRN,576690101,1224278000
MTRX,576853105,665771850
MTSC,553777103,977835000
MTSI,55405Y100,1342357800
MTW,563571405,852508640
MTX,603158106,2386618000
MTZ,576323109,3584234100
MU,595112103,52458251530
MUR,626717102,5769386980
MUSA,626755102,2749760960
MUX,58039P107,654315440
MVIS,594960304,112618330
MWA,624758108,1820525190
MXIM,57772K101,15677491410
MXL,57776J100,1363946920
MXWL,577767106,156215890
MYE,628464109,818493000
MYGN,62855J104,3262320000
MYOK,62857M105,2615498000
MYRG,55405W104,540714240
NANO,630077105,905620240
NATH,632347100,345091200
NATI,636518102,6389612640
NATR,639027101,167387500
NAV,63934E108,3806495000
NAVG,638904102,2057245200
NAVI,63938C108,3567171960
NBHC,633707104,1157172750
NBIX,64125C109,11123163550
NBL,655044105,15068481610
NBN,663904209,178591000
NBR,G6359F103,2203259520
NBTB,628778102,1675440520
NC,629579103,176031250
NCBS,65406E102,525748950
NCI,63935N107,1037815300
NCMI,635309107,836557050
NCOM,63546L102,851729900
NCR,62886E108,3349539000
NCS,628852204,1002990600
NCSM,628877102,741447590
NDAQ,631103108,14114872200
NDLS,65540B105,529955800
NDSN,655663102,8076896100
NEE,65339F101,79040998000
NEM,651639106,16108649800
NEO,64049M209,1403481200
NEOG,640491106,3719202350
NEOS,64052L106,143918900
NERV,603380106,486613700
NEU,651587107,4644306030
NEWM,64704V106,945997170
NEWR,64829B100,5324937300
NEWT,652526203,393504480
NEXT,65342K105,617155150
NFBK,66611T108,787928560
NFG,636180101,4818413060
NFLX,64110L106,162917901540
NFX,651290108,5761877310
NGHC,636220303,2873436720
NGS,63886Q109,276135700
NGVC,63888U108,377727960
NGVT,45688C107,4283748360
NH,630104107,171871040
NHC,635906100,1147583620
NHI,63633D104,3188008250
NHTC,63888P406,264833280
NI,65473P105,9046882040
NIHD,62913F508,588754200
NJR,646025106,4069569700
NK,63016Q102,293069600
NKE,654106103,108483028080
NKSH,634865109,316241100
NKTR,640268108,10513710240
NL,629156407,292368000
NLNK,651511107,88941460
NLS,63910B102,421959600
NLY,035710409,13330099200
NMIH,629209305,1489350750
NNBR,629337106,656822400
NNI,64031N108,1676910440
NNN,637417106,7036291800
NOC,666807102,55261416510
NODK,65342T106,377213200
NOG,665531109,1186772000
NOV,637071101,16483226520
NOW,81762P102,34802577000
NP,640079109,1452687900
NPK,637215104,904697700
NPO,29355X107,1528758660
NPTN,64051T100,376006600
NR,651718504,937264950
NRC,637372202,954925400
NRE,66706L101,705352080
NRG,629377508,11348244600
NRIM,666762109,285573150
NRP,63900P608,379626000
NRZ,64828T201,6056358660
NS,67058H102,2975795400
NSA,637870106,1437996000
NSC,655844108,50545415000
NSIT,45765U103,1918410030
NSP,45778Q107,4944935800
NSSC,630402105,280043400
NSTG,63009R109,531120040
NTAP,64110D104,22268528520
NTCT,64115T104,2033508750
NTGR,64111Q104,1999132800
NTIC,665809109,157572700
NTLA,45826J105,1236412620
NTNX,67059N108,5773394400
NTRA,632307104,1458999360
NTRI,67069D108,1090900200
NTRS,665859104,22803790660
NUAN,67020Y100,4967427960
NUE,670346105,20071963350
NUS,67018T105,4576782600
NUVA,670704105,3649933560
NVAX,670002104,719272960
NVDA,67066G104,170860160000
NVEC,629445206,512670960
NVEE,62945V109,1091553000
NVR,62944T105,8961591600
NVRO,64157F103,1716612000
NVTA,46185L103,1155173040
NVTR,67075N108,384715940
NWBI,667340103,1786748520
NWE,668074305,2951595220
NWFL,669549107,245259080
NWHM,645370107,168099360
NWL,651229106,9591750000
NWLI,638517102,1096771200
NWN,66765N105,1926720000
NWPX,667746101,192266250
NWSA,65249B109,5080088930
NWY,649295102,250247660
NX,747619104,640003000
NXEO,65342H102,1099241500
NXGN,65343C102,1289477360
NXRT,65341D102,688800400
NXST,65336K103,3708177000
NXTM,67072V103,1828942530
NYCB,649445103,5085043570
NYMT,649604501,845490880
NYNY,292052305,304268100
NYRT,64976L208,304606880
NYT,650111107,3798590900
O,756109104,16500546270
OAS,674215108,4509183280
OBNK,68621T102,887598750
OC,690742101,6019302780
OCFC,675234108,1315134300
OCLR,67555N206,1525941780
OCN,675746309,527613280
OCUL,67576A100,265512960
OCX,68235C107,101660000
ODC,677864100,198044160
ODFL,679580100,13222674960
ODP,676220106,1779794130
OFC,22002T108,3080335290
OFED,675607105,152649120
OFG,67103X102,710325450
OFIX,68752M108,1093244910
OFLX,682095104,718146720
OGE,670837103,7254229920
OGS,68235P108,4321181040
OHI,681936100,6565010720
OI,690768403,2992251130
OII,675232102,2719510800
OIS,678026105,1991502000
OKE,682680103,27878569710
OKTA,679295105,6835262920
OLBK,67984M100,537531960
OLED,91347P105,5552382600
OLLI,681116109,6025277800
OLN,680665205,4288560000
OLP,682406103,536154000
OMC,681919106,15261851460
OMCL,68213N109,2823513000
OMED,68234X102,81624240
OMER,682143102,1185349600
OMF,68268W103,4563801070
OMI,690732102,1029493360
OMN,682129101,442058150
ON,682189105,7855160880
ONB,680033107,2940374300
ONCE,84652J103,2049552600
ONDK,682163100,565115640
ONVO,68620A104,130466350
OOMA,683416101,325360000
OPB,684000102,986564400
OPK,68375N103,1936807660
OPOF,680194107,154911900
OPTN,68404V100,512377030
OPY,683797104,415856000
ORA,686688102,2739589300
ORBC,68555P100,853367940
ORC,68571X103,377253750
ORCL,68389X105,195307217600
ORI,680223104,6769054800
ORIT,68633D103,724972100
ORLY,67103H107,27981141160
ORM,690828108,145169550
ORN,68628V308,218127050
ORRF,687380105,199943800
OSBC,680277100,459591150
OSG,69036R863,266373450
OSIR,68827R108,383238600
OSIS,671044105,1380676830
OSK,688239201,5207857720
OSPN,68287N100,766305300
OSTK,690370101,803577000
OSUR,68554V108,945138300
OTIC,68906L105,84232500
OTTR,689648103,1899953500
OUT,69007J106,2778436500
OVBC,677719106,173244550
OVID,690469101,139663440
OVLY,671807105,160795950
OXM,691497309,1528980200
OXY,674599105,62837124570
OZK,06417N103,4881693960
OZM,67551U105,283294200
P,698354107,2565227400
PAA,726503105,18146830830
PACB,69404D108,789892460
PACW,695263103,5833741850
PAG,70959W103,4021752350
PAH,72766Q105,3594240570
PAHC,71742Q106,866966100
PANW,697435105,21134568980
PAR,698884103,359652920
PARR,69888T207,935972400
PATK,703343103,1452294400
PAYC,70432V102,9110911250
PAYX,704326107,26491389450
PB,743606105,4843265300
PBCT,712704105,5972140800
PBF,69318G106,5981563770
PBH,74112D101,1960201260
PBI,724479100,1331195760
PBIP,74431A101,155945790
PBPB,73754Y100,313133400
PBT,714236106,371007640
PBYI,74587V107,1743446250
PCAR,693718108,23903527170
PCG,69331C108,23794117510
PCH,737630103,2569817250
PCMI,69323K100,233524750
PCRX,695127100,2013184000
PCSB,69324R104,369476100
PCTI,69325Q105,85160100
PCTY,70438V106,4238245440
PCYG,700215304,199899200
PCYO,746228303,274474200
PDCE,69327R101,3234934080
PDCO,703395103,2319131400
PDFS,693282105,290233230
PDLI,69329Y104,382402000
PDM,720190206,2430063030
PDVW,69290R104,491889000
PE,701877102,8181225000
PEB,70509V100,2510984800
PEBK,710577107,172895800
PEBO,709789101,682769730
PEG,744573106,26676001170
PEGA,705573103,4923177000
PEGI,70338P100,1952724250
PEI,709102107,666485380
PEIX,69423U305,85412600
PEN,70975L107,5146536300
PENN,707569109,3041380040
PEP,713448108,158121199600
PERY,288853104,434109720
PES,723664108,230734250
PETQ,71639T106,674598910
PETS,716382106,682844860
PETX,03874P101,278398640
PF,72348P104,7720361630
PFBC,740367404,771498000
PFBI,74050M105,247192810
PFE,717081103,258343187700
PFG,74251V102,16683443910
PFGC,71377A103,3487708800
PFIE,74316X101,153381580
PFIS,711040105,313717600
PFNX,717071104,160586860
PFPT,743424103,5451751760
PFS,74386T105,1640504650
PFSI,70932B101,526324700
PFSW,717098206,142509200
PG,742718109,207172703570
PGC,704699107,587249790
PGNX,743187106,525739500
PGR,743315103,41423424000
PGRE,69924R108,3629582610
PGTI,69336V101,1273644000
PH,701094104,24355274880
PHH,693320202,358065190
PHIIK,69336T205,120542040
PHM,745867101,7035150630
PHX,698477106,309572550
PI,453204109,605930660
PICO,693366205,274932850
PII,731068102,6283632750
PINC,74051N102,2438792160
PIR,720279108,128512500
PIRS,720795103,302596000
PJC,724078100,1158153150
PJT,69343T107,1075059600
PK,700517105,6602661960
PKBK,700885106,219426300
PKE,700416209,394575050
PKG,695156109,10365485620
PKI,714046109,10771096180
PKOH,700666100,491915450
PLAB,719405102,673621800
PLAY,238337109,2571388820
PLBC,729273102,127207150
PLCE,168905107,2095920000
PLD,74340W103,42675093010
PLNT,72703H101,4763771070
PLOW,25960R105,996573900
PLPC,740444104,354000360
PLSE,74587B101,239612340
PLT,727493108,2395296900
PLUG,72919P202,412406400
PLUS,294268107,1271844000
PLXS,729132100,1886011340
PM,718172109,126754500780
PMBC,694552100,204933300
PMT,70931T103,1233648240
PNC,693475105,63233289380
PNFP,72346Q104,4684361700
PNK,72348Y105,1983633510
PNM,69349H107,3142350300
PNRG,74158E104,148876400
PNW,723484101,8866101320
PODD,45784P101,6250732150
POL,73179P106,3495020520
POOL,73278L105,6737780000
POPE,732857107,315810000
POR,736508847,4070145180
POST,737446104,6531522840
POWI,739276103,1858522400
POWL,739128106,415902200
PPBI,69478X105,2320833600
PPC,72147K108,4504066290
PPG,693506107,26411424340
PPL,69351T106,20469447460
PQG,73943T103,2362031350
PRA,74267C106,2517412050
PRAA,69354N106,1630800000
PRAH,69354M108,7093040490
PRFT,71375U101,927686500
PRGS,743312100,1588579350
PRGX,69357C503,204589200
PRI,74164M108,5198839300
PRIM,74164F103,1279247620
PRK,700658107,1655919720
PRLB,743713109,4371617250
PRMW,74165N105,680394750
PRO,74346Y103,1278615220
PROV,743868101,136042200
PRSC,743815102,861789520
PRSP,715347100,4262601320
PRTK,699374302,307781000
PRTY,702149105,1307222700
PRU,744320102,42250440000
PSA,74460D109,35132011200
PSB,69360J107,3473750970
PSDO,74102M103,1254968250
PSEC,74348T102,2675178790
PSMT,741511109,2465898900
PSTG,74624M102,5327067900
PSTI,72940R102,147673500
PSX,718546104,52331612640
PTC,69370C100,12512367700
PTCT,69366J200,2360105000
PTE,731094108,410172500
PTEN,703481101,3764644860
PTGX,74366E102,247844940
PTI,74373B109,88439770
PTLA,737010108,1759870180
PTN,696077403,201644902
PTSI,693149106,394054860
PTVCB,74368L203,283914450
PUB,712706209,635068700
PUMP,74347M108,1377640560
PVAC,70788V102,1212771320
PVBC,74383X109,278730600
PVH,693656100,11077646000
PWOD,708430103,203823950
PWR,74762E102,4967211040
PX,74005P104,46222090480
PXD,723787107,29682150190
PXLW,72581M305,161972140
PYPL,70450Y103,103973836320
PYX,74737V106,225906000
PZN,74731Q103,166682880
PZZA,698813102,1621473600
QADA,74727D306,926624050
QCOM,747525103,105821361870
QCRH,74727A104,639874400
QDEL,74838J101,2544758160
QEP,74733V100,2682568320
QHC,74909E106,181021260
QLYS,74758T303,3474721800
QNST,74874Q100,665988460
QRTEA,74915M100,9572931990
QRVO,74736K101,9660690270
QTNA,74766D100,680897250
QTS,74736A103,2176980730
QTWO,74736L109,2595960150
QUAD,747301109,794399960
QUOT,749119103,1474189500
R,783549108,3879651650
RAD,767754104,1363756800
RAIL,357023100,200296480
RARE,90400D108,3830893880
RARX,74933V108,585030600
RAVN,754212108,1642516500
RBB,74930B105,405352500
RBBN,762544104,710429280
RBC,758750103,3582782300
RBCAA,760281204,861009700
RBNC,75956B101,294745390
RCII,76009N100,769445040
RCKT,77313F106,976453820
RCKY,774515100,209759600
RCM,749397105,1117417120
RDFN,75737F108,1658764800
RDI,755408101,336698000
RDN,750236101,4408704300
RDNT,750491102,726689250
RDUS,750469207,809472800
RE,G3223R108,9334141850
RECN,76122Q105,522866800
REG,758849103,10957426120
REGI,75972A301,1073059200
REGN,75886F107,42886825800
REI,76680V108,598445080
REIS,75936P105,266110000
RELL,763165107,94935250
REN,76116A306,875906460
RES,749660106,3325521960
RESI,35904G107,581147700
RESN,76118L102,109546920
RETA,75615P103,1940491840
REV,761525609,1178131300
REVG,749527107,992161500
REX,761624105,479893600
REXR,76169C100,2917692320
RF,7591EP100,20230324500
RFP,76117W109,1171340450
RGA,759351604,9202111360
RGCO,74955L103,213332770
RGEN,759916109,2429480760
RGLD,780287108,5047815300
RGNX,75901B107,2640612500
RGR,864159108,1205474900
RGS,758932107,902454390
RH,74967X103,2912876340
RHI,770323103,8617679100
RHP,78377T107,4422416740
RHT,756577102,24172528720
RICK,74934Q108,287779590
RIGL,766559603,534282030
RILY,05580M108,591776550
RJF,754730109,13428990400
RL,751212101,7599499950
RLGT,75025X100,292231770
RLGY,75605Y106,2559814080
RLH,756764106,303437500
RLI,749607107,3484237200
RLJ,74965L101,3862013210
RM,75902K106,339905700
RMAX,75524W108,787035100
RMBS,750917106,1171133950
RMD,761152107,16463400920
RMR,74967R106,1408147200
RMTI,774374102,217055700
RNET,766582100,393976000
RNG,76680R206,6312232850
RNR,G7496G103,5378331540
RNST,75970E107,2037381190
RNWK,75605L708,110579280
ROCK,374689107,1459108800
ROG,775133101,2708625520
ROIC,76131N101,2105509250
ROK,773903109,23095900800
ROKU,77543R102,4995325030
ROL,775711104,13241040750
ROLL,75524B104,3698254560
ROP,776696106,30611822450
ROSE,777385105,39906200
ROST,778296103,37000570600
ROX,148435100,180269320
RP,75606N109,6182540300
RPAI,76131V202,2676314500
RPD,753422104,1729517400
RPM,749685103,8665723480
RPT,751452202,1090094400
RRC,75281A109,4238240450
RRD,257867200,380160000
RRGB,75689M101,521829550
RRR,75700L108,1855559550
RS,759509102,6170731500
RSG,760759100,23640512280
RST,777780107,453671010
RTEC,781270103,779979450
RTIX,74975N105,285201000
RTN,755111507,58951831600
RTRX,761299106,1173879070
RUBI,78112V102,182703600
RUN,86771W105,1379707960
RUSHA,781846209,1206659760
RUTH,783332109,967827800
RVNC,761330109,917909300
RVSB,769397100,199580680
RWT,758075402,1346783200
RXN,76169B102,3217275600
RYAM,75508B104,943855590
RYI,783754104,421444800
RYN,754907103,4377042600
RYTM,76243J105,996884750
S,85207U105,26607473340
SABR,78573M104,7175260000
SAFM,800013104,2360764060
SAFT,78648T100,1369715200
SAGE,78667J108,6591290000
SAH,83545G102,593696700
SAIA,78709Y105,1964229850
SAIC,808625107,3424694000
SAIL,78781P105,2984404500
SAL,795226109,117810000
SAM,100557107,2482562500
SAMG,828359109,115038100
SANM,801056102,1875723600
SASR,800363103,1396133960
SATS,278768106,2247739380
SAVE,848577102,3205796440
SBAC,78410G104,18447391720
SBBX,78413T103,199836000
SBCF,811707801,1377159600
SBFG,78408D105,132336050
SBGI,829226109,2171978550
SBH,79546E104,2209392990
SBNY,82669G104,6356508840
SBOW,82836G102,311158890
SBPH,849431101,195005150
SBR,785688102,615233800
SBRA,78573L106,4121926080
SBSI,84470P109,1221097200
SBUX,855244109,76682844000
SC,80283M101,7245902880
SCCO,84265V105,33349118160
SCG,80589M102,5546686250
SCHL,807066105,1557344950
SCHN,806882106,723560450
SCHW,808513105,66404746450
SCI,817565104,7971867800
SCL,858586100,1959726230
SCOR,20564W105,1055517000
SCS,858155203,1597290000
SCSC,806037107,1021200600
SCVL,824889109,619426500
SCWX,81374A105,172826050
SDI,85336L109,143435280
SEAS,81282V100,2760528330
SEB,811543107,4344456840
SEDG,83417M104,1712999700
SEE,81211K100,6376301800
SEIC,784117103,9582068600
SELB,816212104,348257800
SEM,81619Q105,2490918400
SEMG,81663A105,1742809950
SEND,816883102,1706577730
SENEA,817070501,264882000
SENS,81727U105,839648790
SEP,84756N109,17315671870
SERV,81761R109,8411268000
SF,860630102,3649814520
SFBS,81768T108,2081409750
SFE,786449207,193077500
SFLY,82568P304,2203493380
SFM,85208M102,3483454670
SFNC,828730200,2717881600
SFS,83190B101,432738300
SFST,842873101,291841800
SGA,786598300,181762200
SGC,868358102,291234240
SGEN,812578102,12245961920
SGH,G8232Y101,641131920
SGMO,800677106,1723374300
SGMS,80874P109,2322195000
SGRY,86881A100,806883000
SGU,85512C105,521649610
SGYP,871639308,421581300
SHAK,819047101,1840774140
SHBI,825107105,227169360
SHEN,82312B106,1920411250
SHLD,812350106,105505224
SHLO,824543102,257389000
SHO,867892101,3734120920
SHOO,556269108,3094650000
SHW,824348106,42507965010
SIEB,826176109,397850050
SIEN,82621J105,678860640
SIFI,78425V104,168462000
SIGA,826917106,545412400
SIGI,816300107,3736022500
SIR,81618T100,1964946400
SIRI,82968B103,28142738800
SITE,82982L103,3053605540
SIVB,78486Q101,16540507620
SIX,83001A102,5868580460
SJI,838518108,3015796620
SJM,832696405,11670656180
SJW,784305104,1260790700
SKT,875465106,2148592160
SKX,830566105,3773287140
SKY,830830105,1614519270
SKYW,830879102,3067394200
SLAB,826919102,3979621800
SLB,806857108,84320529480
SLCA,90346E103,1458891910
SLCT,81617L108,239270400
SLD,86933G105,533665800
SLG,78440X101,8442879510
SLGN,827048109,3075180400
SLM,78442P106,4854498150
SLP,829214105,350773000
SM,78454L100,3535711140
SMBC,843380106,335318190
SMBK,83190L208,300215400
SMG,810186106,4364318820
SMHI,78413P101,462602460
SMMF,86606G101,289475120
SMP,853666105,1103906160
SMPL,82900L102,1372839350
SMRT,858375108,112630800
SMTC,816850101,3681943200
SN,79970Y105,201107400
SNA,833034101,10355407200
SNAP,83304A106,8166095840
SNBR,83125X103,1283364540
SND,83191H107,170976000
SNDR,80689H102,2347320640
SNDX,87164F105,188708400
SNH,81721M109,4173028640
SNHY,866942105,1732198380
SNNA,82622H108,308256000
SNPS,871607107,14652262680
SNR,648691103,484679100
SNV,87161C501,5373364920
SNX,87162W100,3356491600
SO,842587107,44216329600
SOI,83418M103,502474000
SON,835495102,5527911000
SONA,843395104,389577600
SONC,835451105,1542340580
SP,78469C103,829645000
SPA,847235108,141919050
SPAR,846819100,519067250
SPB,84790A105,3990720480
SPG,828806109,54652867500
SPGI,78409V104,49140585000
SPH,864482104,1444859650
SPKE,846511103,110500500
SPLK,848637104,17728549660
SPN,868157108,1505083240
SPNE,81255T108,229401080
SPOK,84863T106,299653200
SPPI,84763A108,1780111200
SPR,848574109,9762763330
SPRO,84833T103,190945680
SPSC,78463M107,1734318240
SPTN,847215100,720815980
SPWH,84920Y106,251187300
SPWR,867652406,1029248900
SPXC,784635104,1434028810
SQ,852234103,29862604120
SQBG,81734P107,107090420
SR,84857L101,3726704950
SRC,84860W102,3454250020
SRCE,336901103,1366278300
SRCI,78470V108,2155993910
SRCL,858912108,5039907840
SRDX,868873100,996726800
SRE,816851109,31105847500
SREV,81763U100,261746850
SRG,81752R100,1694728140
SRI,86183P102,846514760
SRNE,83587F202,513620800
SRPT,803607100,10731047420
SRRA,82640U107,126384800
SSB,840441109,3020060000
SSD,829073105,3356709500
SSNC,78467J100,13618911690
SSP,811054402,1155478500
SSTI,82536T107,660215880
SSTK,825690100,1908335120
STAA,852312305,2109360000
STAG,85254J102,2872402500
STAR,45031U101,759202560
STAY,30224P200,3821831370
STBA,783859101,1517990240
STBZ,856190103,1179887100
STC,860372101,1068717440
STCN,858098106,129374070
STFC,855707105,1315327260
STI,867914103,30772223490
STL,85917A100,4960494000
STLD,858119100,10609979340
STML,85858C107,514185000
STMP,852857200,4106661000
STND,85303B100,149186700
STON,86183Q100,194729670
STOR,862121100,5712401240
STRA,86272C103,2974099120
STRL,859241101,387556480
STRS,863167201,249481800
STRT,863111100,133259700
STT,857477103,31787388700
STWD,85571B105,5747367920
STZ,21036P108,36194835680
SUI,866674104,8768283620
SUM,86614U100,2029415220
SUP,868168105,426573950
SUPN,868459108,2628974900
SVRA,805111101,391649040
SVU,868536301,1246688460
SWCH,87105L104,535172400
SWK,854502101,22406784400
SWKS,83088M102,16235457220
SWM,808541106,1178300670
SWN,845467109,2996003220
SWX,844895102,3883060020
SXC,86722A103,752139360
SXI,854231107,1337110500
SXT,81725T100,3234536760
SYBT,861025104,825716100
SYBX,87166L100,361374510
SYF,87165B103,23020520880
SYK,863667101,66450543200
SYKE,871237103,1305612290
SYMC,871503108,13226349920
SYNA,87157D109,1591316840
SYNH,87166B102,5305062050
SYNL,871565107,201125700
SYNT,87162H103,3400889220
SYRS,87184Q107,400819140
SYX,871851101,1225104480
SYY,871829107,38073518750
T,00206R102,243857960000
TA,894174101,226694700
TACO,245496104,452323000
TALO,87484T108,1777399920
TAP,60871R209,12030445500
TAST,14574X104,533469400
TBBK,05969A105,541317140
TBI,89785X101,1058333350
TBK,89679E300,1003361200
TBNK,88145X108,287817000
TCBI,88224Q107,4145641350
TCBK,896095106,1174472820
TCF,872275102,3992746520
TCFC,20368X101,186372250
TCI,893617209,278017020
TCMD,87357P100,1302417550
TCO,876664103,3649211190
TCP,87233Q108,2162710980
TCS,210751103,542223900
TCX,898697206,591451750
TDC,88076W103,4491261000
TDG,893641100,19593776700
TDOC,87918A105,6005038050
TDS,879433829,3184073480
TDW,88642R109,813591150
TDY,879360105,8859018840
TECD,878237106,2744709500
TECH,09073M104,7701274410
TELL,87968A104,2157491310
TEN,880349105,2166880940
TER,880770102,6894477240
TERP,88104R209,2414666100
TESS,872386107,128511750
TEX,880779103,2941367000
TFSL,87240R107,4208383720
TFX,879369106,12185857640
TG,894650100,718606800
TGI,896818101,1160619600
TGNA,87901J105,2574593320
TGT,87612E106,46429421710
TGTX,88322Q108,463786400
THC,88033G407,2914218620
THFF,320218100,615201000
THG,410867105,5247666320
THO,885160101,4410571500
THR,88362T103,839422580
THRM,37253A103,1657243350
THS,89469A104,2691323250
TIER,88650V208,1223677500
TIF,886547108,15787346670
TILE,458665304,1389184900
TIPT,88822Q103,239481100
TISI,878155100,675495000
TITN,88830R101,344045730
TIVO,88870P106,1541011200
TJX,872540109,69538319340
TKR,887389104,3843783950
TLGT,87960W104,211475100
TLP,89376V100,624547000
TLRA,879181105,200445520
TLRD,87403A107,1257333660
TLYS,886885102,406761750
TMHC,87724P106,2009511680
TMK,891027104,9735026930
TMO,883556102,98314447680
TMP,890110109,1240420820
TMST,887399103,662978950
TMUS,872590104,59458671580
TNAV,879455103,226598550
TNC,880345103,1372720300
TNDM,875372203,2451347640
TNET,896288107,3973432320
TOCA,888846102,311036090
TOL,889478103,4867432920
TOWN,89214P109,2223051000
TOWR,891826109,623271000
TPB,90041L105,800758440
TPC,901109108,940300800
TPH,87265H109,1885271200
TPHS,89656D101,192675420
TPIC,87266J104,982491150
TPL,882610108,6717617280
TPR,876030107,14479720530
TPX,88023U101,2879876000
TR,890516107,1130366250
TRC,879080109,563591600
TRCB,90207C105,148395720
TRCO,896047503,3367467180
TREC,894648104,342818000
TREE,52603B107,2949191700
TREX,89531P105,4520804460
TRGP,87612G101,12701227290
TRHC,873379101,1643529170
TRIP,896945201,6370829290
TRK,847788106,730047150
TRMB,896239100,10863087760
TRMK,898402102,2275446650
TRN,896522109,5412277600
TRNC,89703P107,579078130
TRNO,88146M101,2202320900
TRNS,893529107,164520000
TROW,74144T108,26551593380
TRS,896215209,1393748800
TRST,898349105,820598500
TRTX,87266M107,1322100780
TRU,89400J107,13590226000
TRUE,89785L107,1439201100
TRUP,898202106,1171086480
TRV,89417E109,34721161930
TRVN,89532E109,161293840
TRXC,89366M201,1215361000
TSBK,887098101,231051040
TSC,89678F100,798992400
TSCO,892356106,11069638400
TSLA,88160R101,45167908610
TSN,902494103,17616117600
TSQ,892231101,111569670
TSRO,881569107,2142039100
TSS,891906109,18011953320
TTC,891092108,6308484180
TTD,88339J105,5341459450
TTEC,89854H102,1195854800
TTEK,88162G103,3779312200
TTGT,87874R100,535623020
TTI,88162F105,566812290
TTMI,87305R109,1649469250
TTOO,89853L104,326071600
TTPH,88165N105,145890840
TTS,88677Q109,376840750
TTWO,874054109,15707125720
TUES,899035505,146937600
TUP,899896104,1673235900
TUSK,56155L108,1302399600
TVTY,88870R102,1286225050
TWI,88830M102,444443160
TWIN,901476101,301086720
TWLO,90138F102,6631221960
TWNK,44109J106,1106114400
TWO,90187B408,3703729890
TWOU,90214J101,4317785750
TWTR,90184L102,21568297160
TXMD,88338N107,1531766560
TXN,882508104,104306801550
TXRH,882681109,4952502750
TXT,883203101,17753934170
TYL,902252105,9471814060
TYPE,61022P100,850500800
TZOO,89421Q205,145565400
UAA,904311107,3948320520
UAL,910047109,24278112240
UAN,126633106,431608230
UBA,917286205,634740060
UBFO,911460103,187612200
UBNK,910304104,860433750
UBNT,90347A100,7316628600
UBSH,90539J109,2542170870
UBSI,909907107,3773893350
UBX,91381U101,689311350
UCBI,90984P303,2207242490
UCFC,909839102,482813430
UCTT,90385V107,488634250
UDR,902653104,10821776810
UE,91704F104,2517649920
UEC,916896103,275884560
UEIC,913483103,544249850
UEPS,64107N206,450960000
UFCS,910340108,1271788500
UFI,904677200,520507090
UFPI,913543104,2177458560
UFPT,902673102,270480000
UGI,902681105,9645863760
UHAL,023586100,6993193200
UHS,913903100,11005489920
UHT,91359E105,1022765450
UIHC,910710102,958356360
UIS,909214306,1040665200
ULBI,903899102,129959900
ULH,91388P105,1044936000
ULTA,90384S303,16862312400
ULTI,90385D107,10052328000
UMBF,902788108,3551877300
UMH,903002103,579540200
UMPQ,904214103,4580264000
UNB,905400107,237367900
UNF,904708104,2679072200
UNFI,911163103,1509809450
UNH,91324P102,256056316920
UNIT,91325V108,3540093050
UNM,91529Y106,8544804350
UNP,907818108,120411808020
UNT,909218109,1409507220
UNTY,913290102,245854400
UNVR,91336L107,4335293340
UPLD,91544A109,696538980
UPS,911312106,80953165750
URBN,917047102,4463621500
URI,911363109,13537572800
USAK,902925106,168171990
USAP,913837100,221656390
USAT,90328S500,425541600
USB,902973304,86029866450
USCR,90333L201,771105300
USFD,912008109,6688340660
USG,903293405,6052485880
USLM,911922102,441962100
USM,911684108,2353009880
USNA,90328M107,2923940250
USPH,90337L108,1504559600
UTHR,91307C102,5570836440
UTL,913259107,756730300
UTMD,917488108,351648600
UTX,913017109,111861002330
UVE,91359V107,1693035600
UVSP,915271100,777735800
UVV,913456109,1622205000
V,92826C839,266658599220
VAC,57164Y107,5263536750
VALU,920437100,241256100
VAR,92220P105,10246855710
VBTX,923451108,683383320
VC,92839U206,2728008500
VCEL,92346J108,604572900
VCRA,92857F107,1103472280
VCYT,92337F107,376671100
VEC,92242T101,350825120
VECO,922417100,500107750
VEEV,922475108,13263196620
VER,92339V100,7024006440
VERI,92347M100,191108890
VFC,918204108,37049280450
VG,92886T201,3385075440
VGR,92240M108,1941808700
VHC,92823T108,291652650
VHI,918905100,773341800
VIAB,92553P201,11931898080
VIAV,925550105,2570902740
VICI,925652109,8002664620
VICR,925815102,1295452000
VIRT,928254101,2188252250
VIVO,589584101,631685500
VLGEA,927107409,273958400
VLO,91913Y100,48616522500
VLY,919794107,3729037500
VMC,929160109,14708201600
VMI,920253101,3103508000
VMW,928563402,16969028040
VNCE,92719W207,171409750
VNDA,921659108,1202098050
VNO,929042109,13887374000
VOXX,91829F104,114077600
VOYA,929089100,7975561570
VPG,92835K103,465592600
VRA,92335C106,539547820
VRAY,92672L107,878314320
VREX,92214X106,1089423920
VRNS,922280102,2140365000
VRNT,92343X100,3251740500
VRS,92531L207,1163399510
VRSK,92345Y106,19855549400
VRSN,92343E102,19521670280
VRTS,92828Q109,815132500
VRTU,92827P102,1597389110
VRTV,923454102,576794400
VRTX,92532F100,49256634400
VSAT,92552V100,3808158550
VSEC,918284100,360487530
VSH,928298108,2688601300
VSI,92849E101,240530000
VSLR,92854Q106,616714800
VSM,92532W103,3923253490
VST,92840M102,12903190960
VSTM,92337C104,533542000
VSTO,928377100,1029175920
VTL,92847R104,11651475
VTR,92276F100,19383152820
VUZI,92921W300,179640300
VVC,92240G101,5939460690
VVI,92552R406,1204315500
VVV,92047W101,4102967970
VYGR,92915B106,613689120
VZ,92343V104,220604063040
W,94419L101,8810139870
WAB,929740108,10125639600
WABC,957090103,1604527360
WAFD,938824109,2673216000
WAGE,930427109,1694481750
WAIR,950814103,1119307500
WAL,957638109,6022659850
WASH,940610108,955473400
WAT,941848103,15003403560
WATT,29272C103,259274400
WBA,931427108,72346834800
WBC,92927K102,6239615700
WBS,947890109,5437762880
WBT,949090104,2924536320
WCC,95082P105,2894233550
WCG,94946T106,16016487750
WD,93148P102,1653398960
WDAY,98138H101,21341400120
WDC,958102105,17056038780
WDFC,929236107,2387371200
WDR,930059100,1689295620
WEB,94733A104,1401165900
WEC,92939U106,21064983080
WELL,95040Q104,23928840960
WEN,95058W100,4062042880
WERN,950755108,2532367950
WES,958254104,6665961120
WETF,97717P104,1298109920
WEX,96208T104,8651149920
WEYS,962149100,357428800
WFC,949746101,253136160720
WGO,974637100,1045186350
WH,98311A105,5554388210
WHD,127203107,1441127160
WHG,961765104,467056980
WHR,963320106,7666856250
WIFI,09739C102,1475467300
WIN,97382A309,210396200
WINA,974250102,642254000
WING,974155103,1998604250
WIRE,292562105,1044534900
WK,98139A105,1324316500
WLDN,96924N100,302685480
WLFC,970646105,219380070
WLH,552074700,526912400
WLK,960413102,10775793270
WLL,966387409,4824889680
WM,94106L109,38738868120
WMB,969457100,32914011610
WMC,95790D105,416992320
WMIH,92936P100,1514655200
WMK,948849104,1167373200
WMS,00790R104,1759106100
WMT,931142103,275037503850
WNC,929566107,1042920070
WNEB,958892101,321267600
WOR,981811102,2575974240
WOW,96758W101,926573760
WP,981558109,30559741550
WPC,92936U109,6894932340
WPG,93964W108,1358165000
WPX,98212B103,8450681680
WRB,084423102,9736193370
WRD,96812T102,2411421840
WRE,939653101,2410990300
WRI,948741103,3811512000
WRK,96145D105,13633185280
WRLD,981419104,1045593480
WSBC,950810101,2432418540
WSBF,94188P101,502580750
WSC,971375126,1720196450
WSFS,929328102,1498049800
WSM,969904101,5294074600
WSO,942622200,5708639300
WSR,966084204,551646720
WST,955306105,9079736860
WTBA,95123P106,382932500
WTFC,97650W108,4787643100
WTI,92922P106,1341444560
WTR,03836W103,6565026600
WTS,942749102,2307815000
WTTR,81617J301,939350080
WTW,948626106,4796189770
WU,959802109,8524604060
WWD,980745103,4988415120
WWE,98156Q108,4195180100
WWW,978097103,3713186400
WY,962166104,24450333600
WYND,98310W108,4310807840
WYNN,983134107,13804306640
X,912909108,5401757040
XAN,30068N105,347593860
XCRA,98400J108,783637050
XEC,171798101,8862386640
XEL,98389B100,24033997270
XELA,30162V102,1077499860
XENT,46071F103,875581250
XHR,984017103,2652741000
XLNX,983919101,20276115380
XLRN,00434H108,2632694460
XNCR,98401F105,2175539220
XOG,30227M105,1981157910
XOM,30231G102,359958526200
XOMA,98419J206,147359590
XON,46122T102,2359002240
XONE,302104104,153594960
XOXO,983772104,893445760
XPER,98421B100,729090450
XPO,983793100,14482578670
XRAY,24906P109,8391300300
XRM,98416J118,221120880
XRX,984121608,6882651960
XXII,90137F103,349493750
XYL,98419M100,14346089660
Y,017175100,9746840610
YELP,985817105,4116810000
YEXT,98585N106,2336464500
YORW,987184108,392616000
YRCW,984249607,305777980
YUM,988498101,28850833960
YUMC,98850P109,13455802170
Z,98954M200,6113580000
ZAGG,98884U108,415345250
ZAYO,98919V105,8557438400
ZBH,98956P102,26752304420
ZBRA,989207105,9494356360
ZEN,98936J101,7523089000
ZEUS,68162K106,229736960
ZFGN,98885E103,430262140
ZGNX,98978L204,2074619200
ZION,989701107,9749310450
ZIOP,98973P101,455616000
ZIXI,98974P100,300615750
ZN,989696109,75947520
ZNGA,98986T108,3449329820
ZOES,98979J109,249362880
ZS,98980G102,4884342940
ZTS,98978V103,44115805440
ZUMZ,989817101,672425650
ZYNE,98986X109,143811840
